순번,단지명,회사명,시군구,공장대표주소(도로명),Latitude,Longitude,전화번호,종업원수,대표업종번호,업종번호,업종명,생산품
272,,(주)대서양푸드,중구,"인천광역시 중구 연안부두로75번길 4, 2층1호 (항동7가)",37.4526628,126.5986921,,0,10219,10219,기타 수산동물 가공 및 저장 처리업,수산물
273,,(주)에스와이컴퍼니,중구,"인천광역시 중구 연안부두로75번길 4, 2층2호 (항동7가)",37.4526628,126.5986921,,1,10219,10219,기타 수산동물 가공 및 저장 처리업,"냉동삼치, 냉동임연수"
274,,(주)에스지개발,중구,인천광역시 중구 축항대로290번길 41 (신흥동3가),37.4444292,126.6256633,,5,17902,17902,위생용 종이제품 제조업,N커버(일회용좌변기시트커버)
275,,동아테크솔루션,중구,인천광역시 중구 제물량로 37 (신흥동3가),37.463681,126.636134,,4,26529,"26421, 26529",기타 음향기기 제조업 외 1 종,"스피커, 돔카메라"
276,,선두수산,중구,인천광역시 중구 서해대로180번길 49 (신흥동3가),37.4426285,126.627006,,13,10213,10213,수산동물 냉동품 제조업,냉동수산물
277,,하늘금속,중구,인천광역시 중구 서해대로210번길 36 (신흥동3가),37.4448583,126.6266375,,8,33910,33910,간판 및 광고물 제조업,간판 및 광고물
278,,게이트고메코리아 유한회사,중구,인천광역시 중구 공항동로465번길 96 (운서동),37.4829936,126.4498123,,992,10798,10798,도시락 및 식사용 조리식품 제조업,기내식 도시락
279,,농업회사법인주식회사 웰빙라이스,중구,인천광역시 중구 중산동 1097-318번지,37.5030028,126.5642647,,5,10619,10619,기타 곡물 가공품 제조업,쌀과자
280,,샤다이바이오,중구,인천광역시 중구 늘목로39번길 1(을왕동),37.4536041,126.39521,,1,10802,10802,단미 사료 및 기타 사료 제조업,"단미사료(양축용 : 슈퍼비, 그린비)"
281,,공항시설관리(주),중구,인천광역시 중구 용유서로2번길 50 (남북동),37.4459516,126.4068815,02-3665-1383,3,29172,"29150, 29171, 29172",공기 조화장치 제조업 외 2 종,"히트펌프, 공조기"
282,,윈윈수산식품 주식회사,중구,인천광역시 중구 항동7가 65-103번지,37.4503334,126.599163,02-476-8801,5,10219,10219,기타 수산동물 가공 및 저장 처리업,노르웨이산 생연어 필렛가공품 및 소분팩
283,,주식회사 경화기업,중구,인천광역시 중구 서해대로210번길 34 (신흥동3가),37.4449541,126.6263942,02-716-2779,10,10619,10619,기타 곡물 가공품 제조업,볶음참깨
284,,대한항공씨앤디서비스 주식회사,중구,인천광역시 중구 운서동 2840-13번지 (대한항공 기내식시설A),37.4695092,126.4507804,032-202-9881,1293,10751,"10751, 10759",도시락류 제조업 외 1 종,기내식
285,,아이에이티(주),중구,인천광역시 중구 영종순환로900번길 15 (운북동),37.5085136,126.4965543,032-206-1132,20,31321,"31321, 31322",항공기용 엔진 제조업 외 1 종,"항공기 엔진 MRO, 항공기용 엔진 및 부품"
286,,티에스사료(주),중구,"인천광역시 중구 월미로 181 (북성동1가, 대한제당㈜)",37.4785459,126.6039801,032-218-1601,85,10801,10801,배합 사료 제조업,사료
287,,아바테크,중구,인천광역시 중구 축항대로296번길 60-20 (신흥동3가),37.4433578,126.6273442,032-274-3077,4,29294,"28519, 29294",주형 및 금형 제조업 외 1 종,"프레스금형, 온수기"
288,,(주)유니이노베이션,중구,인천광역시 중구 백운로457번길 25-2 (운북동),37.5114082,126.5133585,032-322-8815,2,28519,28519,기타 가정용 전기기기 제조업,건강버블목욕기
289,,(주)매쉬플러스,중구,인천광역시 중구 항동7가 58-164번지 외 2필지,37.4503835,126.6010118,032-428-5311,7,16103,16103,"목재 보존, 방부처리, 도장 및 유사 처리업","하이그로시 UV, LPM접착가공"
290,,(주)케네시로렌스코리아,중구,인천광역시 중구 축항대로291번길 34-2 (신흥동3가),37.4507465,126.6296852,032-429-7771,10,13223,13223,커튼 및 유사제품 제조업,블라인드
291,,(주)대영테크,중구,인천광역시 중구 항동7가 104-22번지,37.4396164,126.6175191,032-446-5206,9,29142,29142,기어 및 동력전달장치 제조업,감속기 및 기어류
292,,(주)인천일보,중구,"인천광역시 중구 인중로 226 (항동4가, 인천일보사)",37.4714033,126.6205122,032-452-0125,105,18111,"18111, 18113, 18119",경 인쇄업 외 2 종,인쇄물
293,,(주)케이제이인더스트리,중구,인천광역시 중구 축항대로211번길 13 (항동7가),37.4527379,126.6197267,032-508-4230,67,16231,"16231, 16232, 25923, 25995, 25999",목재 깔판류 및 기타 적재판 제조업 외 4 종,"목재파렛트, 목상자, 철재파렛트, 도장"
294,,(주)케이티엔씨,중구,"인천광역시 중구 서해대로180번길 27(신흥동3가, (주)폴젠코리아)",37.4433557,126.6249751,032-511-4711,0,24199,24199,그 외 기타 1차 철강 제조업,기계부품 및 절삭공구 홀더
295,,화남기계,중구,인천광역시 중구 축항대로296번길 56-46(신흥동3가),37.4446287,126.6259097,032-516-7274,2,29193,29193,분사기 및 소화기 제조업,무인기관실용 자동소화장치
296,,현대공영(주),중구,인천광역시 중구 서해대로 114 (신흥동3가),37.4429093,126.626175,032-575-4051,13,23324,"23324, 23325","콘크리트 타일, 기와, 벽돌 및 블록 제조업 외 1 종","방파제, 방파제벽돌"
297,,주식회사 신영수산,중구,인천광역시 중구 연안부두로75번길 4 (항동7가) 3층 1호,37.4526628,126.5986921,032-713-8010,3,10219,10219,기타 수산동물 가공 및 저장 처리업,수산물 가공품
298,,주식회사 와이비씨푸드,중구,인천광역시 중구 연안부두로75번길 4 (항동7가) 3층 2호 외 1필지,37.4526628,126.5986921,032-716-5444,1,10219,10219,기타 수산동물 가공 및 저장 처리업,수산물 가공품
299,,주식회사 브릴스(BRILS Crop.),중구,인천광역시 중구 축항대로296번길 56-22(신흥동3가),37.4439924,126.6276911,032-721-4760,24,27215,27215,기기용 자동측정 및 제어장치 제조업,"로봇제조자동화시스템, 로봇물류자동화시스템, 로봇검사자동화시스템 등"
300,,인천국제공항공사(신공항레미콘(주)),중구,인천광역시 중구 운서동 2863-2번지,37.4695092,126.4507804,032-741-2242,16,23322,23322,레미콘 제조업,레미콘
301,,인천국제공항공사(신공항아스콘(주)),중구,"인천광역시 중구 영종해안북로702번길 115-96 (운서동, 쌍용양회공업(주))",37.4877235,126.4511373,032-741-2242,11,23991,23991,아스팔트 콘크리트 및 혼합제품 제조업,아스콘
302,,인천국제공항공사(쌍용레미콘(주)),중구,인천광역시 중구 운서동 2863-2번지,37.4695092,126.4507804,032-741-2242,15,23322,23322,레미콘 제조업,레미콘
303,,인천국제공항공사(영종아스콘(주)),중구,"인천광역시 중구 영종해안북로 970, 외 5필지 (운서동)",37.4872745,126.4253026,032-741-2242,8,23991,23991,아스팔트 콘크리트 및 혼합제품 제조업,아스콘
304,,인천국제공항공사(부흥콘크리트),중구,인천광역시 중구 운서동 2626번지 외 1필지,37.4695092,126.4507804,032-741-5749,50,23325,23325,콘크리트 관 및 기타 구조용 콘크리트 제품 제조업,"Ditch Box, 배수암거, 우수집수조, U형 측구"
305,,샤프도앤코코리아 유한회사,중구,인천광역시 중구 공항동로465번길 108 (운서동),37.4829936,126.4498123,032-744-1371,110,10751,"10751, 10759",도시락류 제조업 외 1 종,즉석도시락
306,,엘에스지스카이셰프코리아(주),중구,"인천광역시 중구 공항동로465번길 108(운서동, 엘에스지스카이셰프)",37.4829936,126.4498123,032-744-5220,829,10751,"10751, 10759",도시락류 제조업 외 1 종,기내식
307,,주식회사 엘림기전,중구,"인천광역시 중구 운중로 140-26 (중산동, 1동)",37.4936947,126.5496212,032-746-3333,7,28111,"28111, 29131",전동기 및 발전기 제조업 외 1 종,"발전기, 엔진양수기, 수중펌프"
308,,진성정보시스템(주),중구,인천광역시 중구 운남로 64-23 (운남동),37.4833834,126.5343541,032-751-0702,3,26421,26421,방송장비 제조업,보안용카메라
309,,주식회사 디오씨,중구,인천광역시 중구 우현로72번길 6 (용동),37.4732038,126.6301873,032-764-3500,3,28123,"28111, 28123, 28422, 28903",배전반 및 전기 자동제어반 제조업 외 3 종,"LED조명기구, 자동점멸기, 태양광가로등"
310,,대한사료(주),중구,"인천광역시 중구 북성포길 13 (북성동1가, 대한사료공업(주))",37.4819417,126.6161209,032-770-1110,138,10801,"10801, 10802",배합 사료 제조업 외 1 종,사료
311,,대한제당(주),중구,"인천광역시 중구 월미로 116 (북성동1가, 대한제당㈜)",37.4774339,126.6058416,032-770-1400,139,10620,"10620, 10720, 10792, 10802",전분제품 및 당류 제조업 외 3 종,"설탕, 당밀"
312,,지에스칼텍스(주) 윤활유공장,중구,인천광역시 중구 월미로 182 (북성동1가),37.479918,126.6015801,032-770-2801,4,19221,19221,윤활유 및 그리스 제조업,윤활유
313,,"(주)선앤엘(SUN&L Co., Ltd.) 포르마린공장",중구,인천광역시 중구 월미로 198(북성동1가),37.4782144,126.6010775,032-770-3000,24,20119,20119,석탄화학계 화합물 및 기타 기초 유기 화학물질 제조업,포르마린
314,,"(주)선앤엘(SUN&L Co., Ltd.)",중구,"인천광역시 중구 월미로 96, 외4필지 (북성동1가)",37.4754003,126.5978148,032-770-3021,307,16101,"16101, 16211, 32029",일반 제재업 외 2 종,"가구,목재,각재"
315,,"(주)선앤엘(SUN&L Co., Ltd.) M.D.F공장",중구,"인천광역시 중구 월미로 78 (북성동1가, MDF제2공장) 외 2필지",37.4789092,126.6108668,032-770-3021,136,16212,16212,강화 및 재생 목재 제조업,강화재생목재
316,,대한제분(주),중구,"인천광역시 중구 월미로 50 (북성동1가, 대한제분(기타부속건물))",37.4791779,126.6148685,032-770-3300,166,10612,"10612, 10613, 10749",곡물 제분업 외 2 종,밀가루
317,,동화기업(주),중구,인천광역시 중구 월미로 164 (북성동1가),37.483487,126.6060964,032-770-9312,407,16212,"16102, 16211, 16212, 20119",강화 및 재생 목재 제조업 외 3 종,PB
318,,(주)경화,중구,인천광역시 중구 제물량로232번안길 23 (중앙동1가),37.4738334,126.6200052,032-772-0077,8,33910,"25112, 25113, 33910",간판 및 광고물 제조업 외 2 종,"광고물, 간판 등"
319,,신광인쇄사,중구,인천광역시 중구 중앙동2가 19번지,37.4726804,126.6214012,032-772-2911,3,18119,"18113, 18119",기타 인쇄업 외 1 종,인쇄물
320,,으뜸아이에스 주식회사,중구,"인천광역시 중구 서해대로483번길 39, 1층 (율목동)",37.4705539,126.6344594,032-777-9002,5,26421,26421,방송장비 제조업,CCTV카메라
321,,한국정공,중구,인천광역시 중구 신흥동3가 42-35번지,37.4429119,126.626283,032-811-0358,4,29229,29229,기타 가공 공작기계 제조업,"지그정반, 근형플레이트, 프레스다이 등"
322,,벤다선광공업(주),중구,인천광역시 중구 항동7가 104-19번지 외 4필지,37.443622,126.620144,032-811-8424,288,30399,30399,그 외 자동차용 신품 부품 제조업,플라이휠 링기어
323,,한성정공,중구,인천광역시 중구 서해대로 167 (항동7가) 외 2필지,37.4433347,126.6189873,032-812-7406,16,29294,29294,주형 및 금형 제조업,"금형, 드라이브 플레이트(자동차부품)"
324,,미산네트워크,중구,인천광역시 중구 신흥동3가 43-41번지,37.444556,126.6274026,032-814-4510,11,22299,22299,그 외 기타 플라스틱 제품 제조업,사무용가구부품
325,,신한철강공업(주),중구,"인천광역시 중구 축항대로296번길 156 (신흥동3가, 신한철광공업㈜)",37.4353358,126.6242504,032-815-3100,35,24132,"24132, 24133",강관 제조업 외 1 종,"선박부분품, 강관"
326,,웰토,중구,인천광역시 중구 서해대로93번길 14-9 (항동7가),37.4389855,126.6159771,032-815-5091,7,33401,33401,인형 및 장난감 제조업,아동용 공예점토(클레이)
327,,(주)와이티지정공,중구,인천광역시 중구 축항대로296번길 60-34 (신흥동3가),37.4438575,126.6260738,032-815-5303,10,29142,29142,기어 및 동력전달장치 제조업,산업용 감속기 부품
328,,(주)명진포리텍,중구,인천광역시 중구 신흥동3가 43-43번지,37.4442308,126.6270896,032-815-5439,9,22231,22231,"플라스틱 포대, 봉투 및 유사제품 제조업",비닐제품
329,,대연식품,중구,인천광역시 중구 축항대로290번길 37 (신흥동3가),37.4448285,126.6258627,032-818-1847,3,10794,10794,두부 및 유사식품 제조업,"앙금류, 도토리묵 중간재"
330,,(주)천수식품,중구,인천광역시 중구 축항대로296번길 56-28 (신흥동3가) 외 1필지,37.4441521,126.6272877,032-819-4810,7,10794,10794,두부 및 유사식품 제조업,동부앙금 및 곡물
331,,에스더블(주),중구,인천광역시 중구 축항대로296번길 60-33(신흥동3가),37.443508,126.6258435,032-821-9022,10,28111,28111,전동기 및 발전기 제조업,모터 및 송풍기
332,,(주)청우이엔지,중구,인천광역시 중구 신흥동3가 50-9번지,37.4443155,126.6244968,032-822-2361,20,28123,"28123, 29210",배전반 및 전기 자동제어반 제조업 외 1 종,"배전반 및 전기자동제어반, 나노수발생기, 식물재배기"
333,,대덕기계,중구,인천광역시 중구 신흥동3가 42-31번지,37.4433113,126.6252701,032-832-1198,12,29241,"25929, 29142, 29241, 30399",건설 및 채광용 기계장비 제조업 외 3 종,건설기계부품
334,,우진특장,중구,인천광역시 중구 축항대로290번길 114 (신흥동3가),37.4391972,126.6209251,032-834-7547,8,30201,30201,차체 및 특장차 제조업,특장차 및 관련부품
335,,인성,중구,인천광역시 중구 축항대로296번길 56-31 (신흥동3가),37.4438489,126.6269502,032-865-2233,5,24199,24199,그 외 기타 1차 철강 제조업,"선풍기프레임, 접의식선반, 전기차충전기받침대"
336,,디와이텍,중구,인천광역시 중구 신흥동3가 42-64번지,37.4430644,126.6269716,032-872-0853,19,30399,"30391, 30392, 30399, 30400",그 외 자동차용 신품 부품 제조업 외 3 종,자동차용 브라켓트
337,,(주)삼양사 인천2공장,중구,"인천광역시 중구 축항대로290번길 121 (신흥동3가, (주)삼양웰푸드)",37.4371832,126.6213135,032-880-8111,74,10402,"10402, 10403, 10712, 10713, 10742",식물성 유지 제조업 외 4 종,식용유
338,,씨제이제일제당(주)인천3공장,중구,"인천광역시 중구 축항대로87번길 30 (항동7가, 삼양유지(주))",37.458387,126.610952,032-880-8934,45,10403,"10402, 10403",식용 정제유 및 가공유 제조업 외 1 종,식용유
339,,씨제이제일제당(주)인천1공장,중구,"인천광역시 중구 아암대로 20 (신흥동3가, CJ제일제당)",37.4432291,126.6213971,032-881-2515,164,10720,10720,설탕 제조업,설탕
340,,라이온코리아(주),중구,인천광역시 중구 서해대로140번길 23 (신흥동3가),37.4413853,126.6216063,032-881-2691,107,20421,"20421, 20422, 20423",계면활성제 제조업 외 2 종,"치약, 비누, 화장품, 세제류, 활성제"
341,,엔프라니(주),중구,"인천광역시 중구 서해대로140번길 49 (신흥동3가, CJ제일제당㈜)",37.4432291,126.6213971,032-881-2945,24,20423,20423,화장품 제조업,화장품
342,,(주)썸밑엔지니어링,중구,인천광역시 중구 연안부두로115번길 25-8 (항동7가),37.4492092,126.6003011,032-881-4306,4,31114,31114,선박 구성 부분품 제조업,선박구성부분품 등
343,,진양수산,중구,인천광역시 중구 연안부두로75번길 4 (항동7가) 3층3호,37.4526628,126.5986921,032-881-8868,1,10213,10213,수산동물 냉동품 제조업,냉동수산물
344,,성광디자인(주),중구,인천광역시 중구 도원서길 53 (유동),37.468236,126.6365754,032-881-9441,14,18119,"18113, 18119",기타 인쇄업 외 1 종,옵셋인쇄
345,,흥인목재,중구,인천광역시 중구 신흥동3가 7-288번지,37.461605,126.6336909,032-882-0900,10,16101,16101,일반 제재업,"판재,각재"
346,,우창기계공업사,중구,인천광역시 중구 연안부두로75번길 14 (항동7가),37.4522683,126.599662,032-882-0990,5,31114,31114,선박 구성 부분품 제조업,선박구성부분품 제조 및 선박수리
347,,화창종합디젤,중구,인천광역시 중구 축항대로118번길 164 (항동7가),37.4444851,126.6004426,032-882-3352,4,31114,31114,선박 구성 부분품 제조업,감속기 등 중고엔진 수리 등
348,,여수스크류,중구,인천광역시 중구 축항대로 71 (항동7가),37.4573886,126.6059212,032-882-3599,3,31114,31114,선박 구성 부분품 제조업,"선박스크류, 샤프트"
349,,(주)대성이엔지,중구,인천광역시 중구 연안부두로91번길 7 (항동7가),37.452139,126.5986199,032-882-4877,10,31114,31114,선박 구성 부분품 제조업,선박부분품
350,,농협경제지주 주식회사 축산물가공센터(인천),중구,인천광역시 중구 북성동1가 105번지,37.4617499,126.6011356,032-883-0016,27,10129,"10122, 10129, 11201",육류 기타 가공 및 저장처리업 (가금류 제외) 외 2 종,"얼음,고기가공"
351,,이디엔드에프만코리아(주),중구,인천광역시 중구 축항대로87번길 25 (항동7가),37.4586763,126.6091832,032-883-0030,5,10801,"10801, 10802",배합 사료 제조업 외 1 종,액상사료
352,,(주)휠라선,중구,인천광역시 중구 북성동1가 97-25번지,37.4787747,126.5994594,032-883-0109,17,10619,10619,기타 곡물 가공품 제조업,곡물가공
353,,(주)원양물산,중구,인천광역시 중구 축항대로 18 (북성동1가),37.4608117,126.6013507,032-883-0194,11,10213,"10213, 11201",수산동물 냉동품 제조업 외 1 종,"냉동품,얼음"
354,,광창문화사,중구,인천광역시 중구 신흥동3가 7번지,37.4650585,126.6345823,032-883-0881,4,18119,"18113, 18119",기타 인쇄업 외 1 종,인쇄물
355,,인천듸젤,중구,인천광역시 중구 연안부두로91번길 12 (항동7가),37.4517148,126.5988628,032-883-1040,3,31114,31114,선박 구성 부분품 제조업,선박부품
356,,금강중기공업사,중구,인천광역시 중구 서해대로94번길 11 (신흥동3가),37.4374966,126.618965,032-883-5030,4,29241,29241,건설 및 채광용 기계장비 제조업,토목기계장비
357,,성광인쇄소,중구,인천광역시 중구 샛골로 53 (도원동),37.4675026,126.641636,032-883-6998,5,18111,"18111, 18113, 18119",경 인쇄업 외 2 종,인쇄물
358,,대신기계,중구,인천광역시 중구 연안부두로99번길 11 (항동7가),37.4517925,126.5992344,032-884-0488,3,31114,31114,선박 구성 부분품 제조업,선박구성 부분품
359,,풍성산기,중구,인천광역시 중구 연안부두로107번길 20-13 (항동7가),37.4498143,126.5999632,032-884-1448,3,31114,31114,선박 구성 부분품 제조업,선박구성부분품
360,,(주)인천다온,중구,인천광역시 중구 축항대로296번길 56-27 (신흥동3가),37.4437492,126.6272027,032-884-1507,5,24199,24199,그 외 기타 1차 철강 제조업,화스너
361,,토담식품,중구,인천광역시 중구 연안부두로107번길 10-15 (항동7가),37.4496144,126.598956,032-884-4888,3,10212,10212,수산동물 건조 및 염장품 제조업,"어리굴젓, 연근, 밴댕이젓"
362,,원일종합설비,중구,인천광역시 중구 연안부두로115번길 17-12 (항동7가),37.4495904,126.5996628,032-885-4101,19,31114,31114,선박 구성 부분품 제조업,선박부분품
363,,(주)경인기계,중구,"인천광역시 중구 서해대로 307 (항동7가, 경인기계㈜)",37.4549098,126.6276923,032-885-9001,80,29172,"29171, 29172, 31113",공기 조화장치 제조업 외 2 종,냉각탑
364,,(주)디앤알라이팅,중구,"인천광역시 중구 축항대로296번길 60-35, 2층 (신흥동3가)",37.4435503,126.625736,032-886-0300,4,28422,28422,일반용 전기 조명장치 제조업,LED조명기구
365,,(주)크리스탈옵틱,중구,"인천광역시 중구 서해대로180번길 27, 3층 (신흥동3가)",37.4434332,126.6249829,032-886-5254,5,27309,"27199, 27309",기타 광학기기 제조업 외 1 종,"의료용확대경, 의료용라이트"
366,,(주)현대로지스앤팩,중구,"인천광역시 중구 서해대로210번길 39, (주)현대로지스앤팩 (신흥동3가)",37.4453519,126.6276306,032-886-6080,17,16232,16232,"목재 포장용 상자, 드럼 및 유사용기 제조업","목상자, 파렛트"
367,,(주)오성기계,중구,인천광역시 중구 축항대로22번길 2 (북성동1가),37.4606479,126.6016477,032-886-6854,10,31114,31114,선박 구성 부분품 제조업,선박부품
368,,자연앤푸드,중구,인천광역시 중구 연안부두로107번길 42 (항동7가),37.4494358,126.6020796,032-886-9909,4,10301,10301,김치류 제조업,김치
369,,쌍용레미콘(주)인천사업소,중구,"인천광역시 중구 서해대로93번길 26 (항동7가, 쌍용양회공업㈜)",37.4397038,126.6143418,032-887-2651,20,23322,23322,레미콘 제조업,레미콘
370,,주식회사 비티모터스,중구,인천광역시 중구 서해대로180번길 9(신흥동3가),37.4446993,126.6232783,032-887-3230,0,30201,30201,차체 및 특장차 제조업,특장차제조
371,,은성엔지니어링,중구,인천광역시 중구 축항대로291번길 36 (신흥동3가),37.4510755,126.6289229,032-887-3305,3,29111,"29111, 31114",내연기관 제조업 외 1 종,해상선박용엔진
372,,프로금속,중구,인천광역시 중구 항동7가 65번지,37.4498096,126.5996735,032-887-4259,3,31114,31114,선박 구성 부분품 제조업,선박부분품
373,,(주)거산피엔에프,중구,"인천광역시 중구 서해대로210번길 35(신흥동3가, (주)거산피엔에프)",37.4456527,126.6272979,032-887-5741,20,25113,"25113, 25114",육상 금속 골조 구조재 제조업 외 1 종,"발전배관, SPOOL제작"
374,,(주)비앤티,중구,"인천광역시 중구 축항대로296번길 56-24, 2층 (신흥동3가)",37.4440462,126.6275544,032-887-7119,9,27213,"25994, 27112, 27213, 28903, 29193","물질 검사, 측정 및 분석기구 제조업 외 4 종",자동발열방역시스템기 등
375,,미소식품 (주),중구,인천광역시 중구 서해대로93번길 14-6(항동7가),37.4387285,126.6157703,032-887-8133,12,10213,10213,수산동물 냉동품 제조업,수산동물냉동품 제조(순살고등어)
376,,구구수산유통,중구,"인천광역시 중구 연안부두로75번길 4, 1층 (항동7가)",37.4526628,126.5986921,032-887-9989,13,10219,10219,기타 수산동물 가공 및 저장 처리업,"고등어포, 삼치포, 낙지채 등"
377,,태성조기,중구,인천광역시 중구 연안부두로91번길 12 (항동7가),37.4517148,126.5988628,032-888-2348,3,31114,31114,선박 구성 부분품 제조업,선박구성부분품
378,,경원물산(주),중구,인천광역시 중구 연안부두로99번길 15 (항동7가),37.4514492,126.5994274,032-888-4202,17,10213,10213,수산동물 냉동품 제조업,냉동품
379,,평화자동차정비 주식회사,중구,인천광역시 중구 서해대로140번길 8 (신흥동3가),37.4402568,126.6201609,032-888-4457,21,29241,29241,건설 및 채광용 기계장비 제조업,토목건설기계
380,,제일사료(주)인천공장,중구,인천광역시 중구 서해대로209번길 69 (항동7가),37.4491096,126.615142,032-888-4461,70,10801,"10801, 10802",배합 사료 제조업 외 1 종,사료
381,,(주)광성기계,중구,인천광역시 중구 연안부두로115번길 21-4 (항동7가),37.4491351,126.5999873,032-888-6468,6,31114,31114,선박 구성 부분품 제조업,선박부분품
382,,(주)신안테크,중구,인천광역시 중구 축항대로296번길 60-26 (신흥동3가),37.4436603,126.626575,032-888-6930,6,22249,"22249, 29176",기타 기계.장비 조립용 플라스틱 제품 제조업 외 1 종,플라스틱 열교환기
383,,(주)오대양씨푸드,중구,인천광역시 중구 연안부두로107번길 15-12 (항동7가),37.4509105,126.5994427,032-888-7885,23,10213,10213,수산동물 냉동품 제조업,"알탕, 해물탕 외"
384,,(주)농가에프엔씨,중구,인천광역시 중구 축항대로296번길 60-12 (신흥동3가),37.4430441,126.6281424,032-888-7941,0,10402,"10402, 10619, 10749",식물성 유지 제조업 외 2 종,"참기름, 고춧가루, 참깨"
385,,(주)동림수산,중구,인천광역시 중구 항동7가 108-3번지,37.4504936,126.6039082,032-888-9401,57,10219,"10211, 10213, 10219",기타 수산동물 가공 및 저장 처리업 외 2 종,냉동품
386,,희창물산(주),중구,"인천광역시 중구 축항대로86번길 138 (항동7가, 희창물산㈜)",37.4453054,126.5990608,032-889-0381,22,10213,10213,수산동물 냉동품 제조업,냉동품
387,,충북기공사,중구,인천광역시 중구 서해대로 130 (신흥동3가),37.4429093,126.626175,032-889-0845,3,31114,31114,선박 구성 부분품 제조업,선박구성부분품
388,,(주)동보스틸,중구,인천광역시 중구 서해대로180번길 51 (신흥동3가),37.4424805,126.6277794,032-889-1212,10,25113,"25113, 25114",육상 금속 골조 구조재 제조업 외 1 종,플랜트배관
389,,일해냉동,중구,인천광역시 중구 항동7가 60번지,37.4561542,126.6029156,032-889-2265,7,10213,"10213, 11201",수산동물 냉동품 제조업 외 1 종,냉동품
390,,천호보링공업사,중구,인천광역시 중구 서해대로 130 (신흥동3가),37.4429093,126.626175,032-889-2755,18,29241,29241,건설 및 채광용 기계장비 제조업,토목기계장비
391,,브이씨센타,중구,인천광역시 중구 연안부두로107번길 23 (항동7가),37.4506188,126.6002492,032-889-4399,1,31114,31114,선박 구성 부분품 제조업,선박구성부품
392,,주식회사 우신에프에스,중구,인천광역시 중구 항동7가 58-170번지 외 1필지,37.4498321,126.6011156,032-889-4494,19,10211,10211,"수산동물 훈제, 조리 및 유사 조제식품 제조업","자숙전복, 자숙홍합, 자숙문어"
393,,수협인천가공물류센터,중구,인천광역시 중구 축항대로 50 (항동7가),37.4579552,126.6036867,032-890-4627,34,10213,"10212, 10213, 11201",수산동물 냉동품 제조업 외 2 종,"냉동품,얼음"
394,,씨제이제일제당(주)인천2공장,중구,"인천광역시 중구 서해대로140번길 49 (신흥동3가, CJ제일제당㈜)",37.4432291,126.6213971,032-890-9504,205,10403,"10402, 10403, 10749, 10802",식용 정제유 및 가공유 제조업 외 3 종,"식용유,참기름,사료"
395,,씨제이피드앤케어(주)인천공장,중구,인천광역시 중구 서해대로140번길 49 (신흥동3가),37.4403858,126.6252664,032-890-9671,55,10801,10801,배합 사료 제조업,배합사료
396,,씨제이제일제당(주)인천냉동식품공장,중구,"인천광역시 중구 서해대로 168 (신흥동3가, 씨제이제일제당㈜)",37.4427623,126.622491,032-890-9901,180,10219,"10122, 10129, 10219, 10613, 10711, 10712, 10730, 10751, 10759, 10793",기타 수산동물 가공 및 저장 처리업 외 9 종,냉동식품
397,,이유푸드(주),중구,"인천광역시 중구 축항대로290번길 155 (신흥동3가, 이유푸드인천공장)",37.4349334,126.6202026,032-891-2627,29,10129,"10121, 10122, 10129, 10751, 10759",육류 기타 가공 및 저장처리업 (가금류 제외) 외 4 종,"육가공품, 도시락"
398,,광진푸드,중구,인천광역시 중구 서해대로93번길 14-16(항동7가),37.4385241,126.6162752,070-4647-4788,18,10219,10219,기타 수산동물 가공 및 저장 처리업,"쭈꾸미, 낙지볶음"
399,,세움기술(주),동구,인천광역시 동구 방축로167번길 11 (송림동) 3층,37.4811729,126.6634948,,3,28422,"28123, 28422",일반용 전기 조명장치 제조업 외 1 종,가로등자동점멸기
400,,에딘스(EDINS),동구,인천광역시 동구 방축로177번길 9 (송림동) 3층,37.4805417,126.6644261,,2,25999,25999,그 외 기타 분류 안된 금속 가공 제품 제조업,가변 팻도어(반려동물 출입문)
401,,하이스쿨 학생복,동구,"인천광역시 동구 화도진로7번길 20-8, 2층(금곡동)",37.473758,126.6351731,,2,14192,14192,"근무복, 작업복 및 유사의복 제조업",교복
402,,씨에프씨글로벌 주식회사,동구,"인천광역시 동구 샛골로 228, 1,2층 일부(송림동)",37.4830343,126.645444,02-6959-3402,113,14111,"14111, 14192",남자용 겉옷 제조업 외 1 종,남자 겉옷
403,,(주)오웰스틸,동구,"인천광역시 동구 방축로23번길 55, 1층 일부 (송현동)",37.4893474,126.6509027,031-454-2117,3,25112,"25112, 25924",구조용 금속 판제품 및 공작물 제조업 외 1 종,스틸방수판
404,,해천이엔씨(주),동구,"인천광역시 동구 방축로9번길 57-16 (송현동, 제일종합상사)",37.4911726,126.6484952,032-1577-6411,15,25932,"13221, 13224, 13229, 13921, 13991, 13999, 14111, 14112, 14192, 14193, 14199, 14419, 14491, 14499, 15129, 22191, 22192, 22299, 24222, 25113, 25114, 25931, 25932, 25933, 25994, 25995, 25999, 26529, 27199, 28111, 28422, 28429, 29120, 29131, 29132, 29180, 29194, 30201, 30202, 30203, 31991, 32091, 33999",일반철물 제조업 외 42 종,"FRP 조립형 방어진지, 도로사각진지, 밀차분무기, 엔진바이브레터등"
405,,올파인텍,동구,인천광역시 동구 만석동 17-9번지,37.4836309,126.6246051,032-205-3605,4,20422,20422,"치약, 비누 및 기타 세제 제조업",액체 및 분말세제
406,,에이치디현대인프라코어(주),동구,인천광역시 동구 화수동 7-11번지 외 5필지,37.4879541,126.6279543,032-211-1211,1670,29111,"29111, 29241, 30110, 30310, 30331, 30400",내연기관 제조업 외 5 종,"기계,철공제작,각종기계,차량부속,내연기관"
407,,두산산업차량 주식회사,동구,인천광역시 동구 인중로 468 (만석동) 외 5필지,37.4861851,126.6244882,032-211-5102,464,29161,29161,산업용 트럭 및 적재기 제조업,지게차
408,,테스코(Tesco),동구,인천광역시 동구 방축로23번길 62 (송현동) C동 103호,37.4892423,126.6517069,032-212-3386,2,25929,25929,그 외 기타 금속가공업,손세정대
409,,주식회사 이스턴무역,동구,인천광역시 동구 염전로40번길 21 (송림동),37.4837708,126.648839,032-325-8235,4,26323,26323,컴퓨터 프린터 제조업,잉크카트리지 등
410,,(유)와이즈에너지월드,동구,"인천광역시 동구 염전로 25, 다동 101호(송림동)",37.4859248,126.6486574,032-425-0072,6,28111,28111,전동기 및 발전기 제조업,발전기장치
411,,태진금속,동구,"인천광역시 동구 방축로191번길 21-4, 1층 (송림동)",37.4805054,126.6661876,032-425-4141,3,25913,"25913, 25914",자동차용 금속 압형제품 제조업 외 1 종,철판가공
412,,(주)창성라이팅,동구,"인천광역시 동구 염전로 17, 나동 101호 (송림동)",37.486357,126.6480452,032-431-2331,1,28423,28423,전시 및 광고용 조명장치 제조업,"LED전광판, LED경관조명, 영상시스템"
413,,(주)삼우에코,동구,인천광역시 동구 염전로40번길 51 (송림동),37.4823281,126.6477748,032-437-3245,12,30399,"25999, 30399, 33309, 33999",그 외 자동차용 신품 부품 제조업 외 3 종,"자동차매연저감장치,아이젠,LEG ASSY,디젤버너"
414,,조형건업,동구,인천광역시 동구 보세로42번길 27 (만석동),37.4881419,126.6182731,032-439-2365,6,25111,25111,"금속 문, 창, 셔터 및 관련제품 제조업",알루미늄 창호
415,,주식회사 진영산기,동구,"인천광역시 동구 만석부두로13번길 27 (만석동, 진영산업)",37.4901558,126.6218334,032-446-9290,16,25923,25923,도장 및 기타 피막처리업,중장비 부품
416,,주식회사 지디원,동구,"인천광역시 동구 인중로 389, A동 일부(만석동, 효창산업주식회사)",37.4844551,126.618618,032-503-9281,7,20411,"20411, 20422, 20424",일반용 도료 및 관련제품 제조업 외 2 종,"화장실 세정제, 광택제 등 "
417,,안동산업,동구,인천광역시 동구 방축로177번길 22-1 (송림동),37.480914,126.6653253,032-504-1253,1,25913,"25913, 25914",자동차용 금속 압형제품 제조업 외 1 종,"자동차부품, 전자부품"
418,,사회복지법인 손과손 핸인핸,동구,인천광역시 동구 방축로157번길 48 (송림동),37.4826823,126.6641373,032-521-7471,62,33993,"18112, 33993",비 및 솔 제조업 외 1 종,"칫솔, 판촉물 인쇄"
419,,사회복지법인 손과손 핸인핸,동구,"인천광역시 동구 방축로157번길 48(송림동, 핸인핸)",37.4826823,126.6641373,032-521-7471,56,33993,"18112, 29193, 33993",비 및 솔 제조업 외 2 종,"칫솔구강용품, 판촉물인쇄, 소화용구"
420,,동서종합물류,동구,인천광역시 동구 방축로23번길 42-10 (송현동),37.4882585,126.6510036,032-564-0402,1,29169,29169,기타 물품 취급장비 제조업,산업용 운반구
421,,(주)신흥기계,동구,인천광역시 동구 만석부두로7번길 15-24 (만석동),37.4889841,126.6207278,032-564-1627,3,29222,"29222, 29224",디지털 적층 성형기계 제조업 외 1 종,강판압연기 및 압연기부품 
422,,세종금속개발,동구,인천광역시 동구 방축로191번길 35(송림동),37.480952,126.6664201,032-565-0565,12,25931,25931,날붙이 제조업,"숟가락, 양식기 등"
423,,에스에스엠퍼니처,동구,인천광역시 동구 보세로42번길 14 (만석동),37.4876251,126.6190016,032-565-3397,5,32021,32021,주방용 및 음식점용 목재가구 제조업,주방가구 및 목재가구
424,,SM COMPANY,동구,인천광역시 동구 방축로9번길 50 (송현동),37.4896247,126.6500747,032-567-5147,7,33999,"31991, 33999",그 외 기타 달리 분류되지 않은 제품 제조업 외 1 종,네일 파일
425,,(주)융성,동구,"인천광역시 동구 방축로 149, F동 104호(송림동, 동유철재상가)",37.4821416,126.6620587,032-567-5830,5,25111,"13224, 13229, 25111, 25112, 25113, 25119, 28423, 33910, 33932","금속 문, 창, 셔터 및 관련제품 제조업 외 8 종",",간판,광고물 등"
426,,오성스텐레스,동구,인천광역시 동구 만석부두로 23 (만석동),37.4898487,126.6228599,032-568-8681,2,25931,"25931, 25992",날붙이 제조업 외 1 종,주방용품(숫가락)
427,,두영크린테크,동구,"인천광역시 동구 봉수대로96번길 62, 두영크린테크 (송림동)",37.4827937,126.6629853,032-571-0538,23,29174,29174,기체 여과기 제조업,"공해방지기기, 필터"
428,,신아이엔씨(주),동구,인천광역시 동구 만석부두로13번길 18 (만석동),37.4898716,126.6224633,032-571-1973,7,29133,"25995, 25999, 29133","탭, 밸브 및 유사장치 제조업 외 2 종","탭, 밸브 및 기계부품"
429,,(주)엘티에스,동구,인천광역시 동구 송림동 8-879,37.4835241,126.6497106,032-571-2528,30,26224,26224,전자부품 실장기판 제조업,PBA
430,,태광정밀기계정공,동구,"인천광역시 동구 방축로167번길 29 (송림동, 태광정밀기계정공)",37.4817618,126.6640581,032-571-6025,7,29294,"25200, 28111, 29294",주형 및 금형 제조업 외 2 종,"다이, 펀치"
431,,신진엔지니어링,동구,"인천광역시 동구 방축로62번길 16, B동 104호 (송림동, 중앙동력상가)",37.4845673,126.6515434,032-572-0210,1,31202,"25924, 31202",철도차량 부품 및 관련 장치물 제조업 외 1 종,철도차량부품
432,,(주)덕우우드텍,동구,인천광역시 동구 방축로62번길 38 (송림동),37.4837158,126.6512217,032-572-0789,7,16101,16101,일반 제재업,조경자재품
433,,한일열처리,동구,인천광역시 동구 방축로167번길 41 (송림동),37.4822594,126.6643522,032-572-1072,6,25921,25921,금속 열처리업,열처리가공
434,,(주)티엠이테크닉,동구,"인천광역시 동구 방축로 149, F동 106호 (송림동)",37.4821416,126.6620587,032-572-1946,13,28123,"27215, 27216, 28123",배전반 및 전기 자동제어반 제조업 외 2 종,"자동제어반, 계측제어반, 프로세스제어반"
435,,(주)대덕코트디자인,동구,인천광역시 동구 보세로 57 (만석동),37.4858555,126.6179053,032-572-2849,5,16101,"16101, 16102, 22221",일반 제재업 외 2 종,인테리어 자재
436,,평산라인,동구,"인천광역시 동구 방축로 151, 나동 105호 (송림동)",37.4820333,126.6622816,032-572-3789,2,24132,"24132, 24133, 29133",강관 제조업 외 2 종,"밸브, 스트레나, 스테인리스 이형관"
437,,미래기계,동구,"인천광역시 동구 방축로 151, 가(H)동 104호 (송림동)",37.4820333,126.6622816,032-572-7149,2,29192,29192,"용기 세척, 포장 및 충전기 제조업",자동화 기계
438,,상도금속,동구,인천광역시 동구 보세로 47-1 (만석동),37.4862799,126.6188162,032-572-7525,4,24132,"24132, 24133",강관 제조업 외 1 종,"스텐파이프,온수코일,냉각코일"
439,,(주)성진씨엔에스,동구,"인천광역시 동구 인중로 389, H동 (만석동, 효창산업주식회사)",37.4844551,126.618618,032-572-9856,6,25913,"25913, 25914",자동차용 금속 압형제품 제조업 외 1 종,스테인레스 원판 블랭킹
440,,(주)신성에스엠,동구,"인천광역시 동구 방축로157번길 17, J동 101호 (송림동)",37.4821658,126.6628571,032-573-0470,3,28909,28909,그 외 기타 전기장비 제조업,"용접기, 산업장비"
441,,(주)명진테크,동구,"인천광역시 동구 방축로9번길 55 (송현동, (주)명진테크)",37.4900297,126.6497077,032-573-4100,35,29199,"29176, 29199, 29223",그 외 기타 일반목적용 기계 제조업 외 2 종,"제철,제강 제조설비, 굴삭기부품"
442,,(주)거송산업,동구,인천광역시 동구 염전로40번길 52 (송림동),37.4827928,126.6471918,032-573-5414,11,32099,32099,그 외 기타 가구 제조업,"래핑붙박이장손잡이,가구부품, 루바몰딩"
443,,(주)충남에스티,동구,인천광역시 동구 보세로42번길 7-4 (만석동),37.4873889,126.6186938,032-573-7708,4,25111,"25111, 25112, 25113, 25119","금속 문, 창, 셔터 및 관련제품 제조업 외 3 종","차양, 휀스"
444,,영일볼트,동구,"인천광역시 동구 방축로9번길 60 (송현동, 영일볼트)",37.4900383,126.6504203,032-575-0566,6,25993,25993,금속 위생용품 제조업,볼트
445,,주식회사 해찬시스템,동구,"인천광역시 동구 방축로 145, c동 107호(송림동, 동유철재상가)",37.4822502,126.661836,032-575-0630,4,27302,"25932, 27302, 28423","사진기, 영사기 및 관련 장비 제조업  외 2 종","영사용 스크린, 영사대, 브래킷"
446,,(주)제이에스마그네트,동구,인천광역시 동구 보세로26번길 24-20 (만석동),37.4893779,126.6206034,032-575-3370,5,28909,28909,그 외 기타 전기장비 제조업,마그네트
447,,(주)우성세라믹스,동구,"인천광역시 동구 봉수대로96번길 47 (송림동, (주)서진디앤아이)",37.4835343,126.6625129,032-575-5751,12,23919,23919,기타 석제품 제조업,연마지석(숫돌)
448,,(주)디페트엠,동구,"인천광역시 동구 방축로23번길 30 (송현동, (주)디페트엠)",37.4881015,126.6504927,032-575-8195,30,26221,"26221, 26222, 26223",인쇄회로기판용 적층판 제조업 외 2 종,인쇄회로판
449,,준호이스트,동구,인천광역시 동구 염전로47번길 15(송림동),37.479981,126.6482534,032-576-0945,1,29169,29169,기타 물품 취급장비 제조업,"호이스트, 크레인"
450,,(주)창조정공,동구,인천광역시 동구 보세로42번길 16 (만석동),37.4878101,126.6189176,032-576-2684,8,29294,29294,주형 및 금형 제조업,"주형, 금형"
451,,대륙케이.씨(K.C),동구,"인천광역시 동구 방축로 151, H동 103호 (송림동)",37.4820333,126.6622816,032-576-3200,8,25993,"25931, 25992, 25993, 29250, 29261, 29299, 32091",금속 위생용품 제조업 외 6 종,"전기소독고,작업대,배식대,식품기계"
452,,스카이엔지니어링,동구,인천광역시 동구 샛골로 230-21 (송현동),37.4832316,126.644895,032-576-5666,15,29271,29271,반도체 제조용 기계 제조업,"반도체장비 부품, 벨로즈"
453,,자코파인테크(주),동구,"인천광역시 동구 방축로23번길 60-6 (송현동, (주)세화캐스터) 외 1필지",37.4887885,126.6516425,032-576-6225,17,29271,29271,반도체 제조용 기계 제조업,"SLIDE X축, PIEDE LQ1"
454,,메탈메이트,동구,인천광역시 동구 방축로 149 (송림동) 동유철재상가 F동 101호 메탈메이트,37.4865388,126.6489484,032-576-6580,2,24113,24113,합금철 제조업,모합금/금속분말
455,,(주)상신기업,동구,"인천광역시 동구 방축로167번길 18 (송림동, (주)상신기업)",37.4810886,126.6639804,032-576-9525,8,25993,25993,금속 위생용품 제조업,위생금구류
456,,한국펠저(주),동구,인천광역시 동구 보세로 81 (만석동),37.4852129,126.615754,032-577-1507,34,30399,"30391, 30392, 30399, 30400",그 외 자동차용 신품 부품 제조업 외 3 종,자동차부품
457,,상신용접기,동구,"인천광역시 동구 방축로37번길 41, 108,109호 (송현동)",37.488078,126.6515479,032-577-3861,3,28909,28909,그 외 기타 전기장비 제조업,용접기
458,,인천중기센타,동구,인천광역시 동구 방축로23번길 22 (송현동),37.4877686,126.6501376,032-577-4111,5,29241,29241,건설 및 채광용 기계장비 제조업,건설기계
459,,유건,동구,"인천광역시 동구 중봉대로 92, 나동 103호 (송현동)",37.4875684,126.6470064,032-578-0133,2,13223,"13223, 27302",커튼 및 유사제품 제조업 외 1 종,"전·수동 롤스크린,블라인드,커튼류"
460,,청하산업(주),동구,"인천광역시 동구 만석부두로 37 (만석동, 청하산업(주))",37.4909544,126.6223119,032-579-0165,4,22223,22223,플라스틱 창호 제조업,PVC창호
461,,천성산업,동구,인천광역시 동구 보세로42번길 7-11 (만석동),37.4870534,126.6182055,032-579-0248,3,25943,25943,금속 스프링 제조업,금속 스프링
462,,(주)오성이엔지 서비스,동구,인천광역시 동구 보세로 36(만석동) 외 1필지,37.4877934,126.6194412,032-579-0605,12,30310,30310,자동차 엔진용 신품 부품 제조업,자동차 부품 및 엔진
463,,오성상사,동구,인천광역시 동구 보세로 36 (만석동),37.4877934,126.6194412,032-579-0605,14,30310,30310,자동차 엔진용 신품 부품 제조업,엔진부품 제조 및 수리
464,,(주)외솔럼버,동구,"인천광역시 동구 방축로177번길 21-7 (송림동, 우룡산업(주))",37.4809297,126.6642943,032-579-0718,10,16101,"16101, 16102, 16229, 16231, 16232, 16299",일반 제재업 외 5 종,"장선, 루바, 데크, 목상자, 의자"
465,,삼국기연,동구,"인천광역시 동구 만석부두로7번길 15-11 (만석동, 비전하나산업(주))",37.4887979,126.6215141,032-579-0851,4,25112,25112,구조용 금속 판제품 및 공작물 제조업,금속공작물
466,,신흥테크,동구,"인천광역시 동구 염전로 15, 201동 1101호(송현동)",37.4863481,126.64762,032-579-1088,2,25924,25924,절삭가공 및 유사처리업,"정밀기계가공품(샤프트,하우징 등)"
467,,(주)기가플랜트,동구,인천광역시 동구 보세로26번길 24-22 (만석동),37.4893955,126.620341,032-579-1163,7,29199,"29176, 29199",그 외 기타 일반목적용 기계 제조업 외 1 종,철골 및 기계제작
468,,덕일금속,동구,인천광역시 동구 만석부두로 41 (만석동),37.491128,126.6222438,032-579-6110,2,32091,32091,금속 가구 제조업,사무용가구 부품
469,,미래후렉시블,동구,인천광역시 동구 보세로 31 (만석동),37.4871254,126.6203025,032-581-1301,3,24132,"24132, 24133",강관 제조업 외 1 종,배관자재
470,,엠에스인천가스(주),동구,인천광역시 동구 방축로9번길 40 (송현동),37.489406,126.6498649,032-581-7001,16,20121,20121,산업용 가스 제조업,산업용 가스
471,,우복기계제작소,동구,인천광역시 동구 방축로23번길 38 (송현동),37.4883185,126.6507185,032-582-1746,2,29229,29229,기타 가공 공작기계 제조업,"산업기계제조,부품가공"
472,,부원금속,동구,인천광역시 동구 방축로23번길 24-4 (송현동),37.4876477,126.6503618,032-582-2670,7,25932,25932,일반철물 제조업,"전기시설제,가구부품,변압기부품"
473,,(주)비티알,동구,인천광역시 동구 만석부두로13번길 42 (만석동),37.4908924,126.6219678,032-582-3100,8,27199,"25122, 25123, 27199",그 외 기타 의료용 기기 제조업 외 2 종,"미생물발효기, 자동화배전반"
474,,(주)바로인,동구,"인천광역시 동구 샛골로 230-8, 1층 (송현동)",37.4825504,126.6447574,032-582-5226,3,29250,"25122, 25123, 25992, 29210, 29250",음ㆍ식료품 및 담배 가공기계 제조업 외 4 종,"산업기계, 도정기"
475,,바로엔지니어링,동구,"인천광역시 동구 샛골로 230-8, 2층 (송현동)",37.4825504,126.6447574,032-582-5226,1,25122,"25122, 25123, 25992, 29210",금속탱크 및 저장용기 제조업 외 3 종,"일반산업기계, 도정기, 혼합기"
476,,태화목형,동구,"인천광역시 동구 방축로167번길 21-3 (송림동, 태화목형)",37.4814029,126.6635653,032-582-6006,3,29294,29294,주형 및 금형 제조업,목형
477,,금강정공,동구,"인천광역시 동구 봉수대로96번길 52 (송림동, 금강정공) 외 1필지",37.4830526,126.6624522,032-582-6346,1,29294,29294,주형 및 금형 제조업,금형관련제품
478,,인천특수엔지니어링,동구,인천광역시 동구 방축로9번길 57-8 (송현동),37.4906235,126.6493454,032-582-7141,2,25921,25921,금속 열처리업,동제품 보수 용접
479,,인천특수엔지니어링,동구,인천광역시 동구 염전로47번길 16 (송림동),37.4794351,126.6488424,032-582-7141,2,25921,25921,금속 열처리업,"동제품, 제강관련설비"
480,,주식회사 동기바르네,동구,"인천광역시 동구 방축로23번길 44 (송현동, (주)동기실업)",37.4886724,126.6510251,032-582-8152,44,33920,"20423, 33920",사무 및 회화용품 제조업 외 1 종,"사무용품,화장품"
481,,케이에이치에프엔제이(KHF&J),동구,인천광역시 동구 방축로23번길 55 (송현동),37.4893474,126.6509027,032-582-9131,6,30393,"29294, 30393, 31202, 31322",자동차용 신품 의자 제조업 외 3 종,"가스기기부품,자동차부품,자동차 헤드 프레임"
482,,(주)선진,동구,인천광역시 동구 염전로40번길 35 (송림동),37.4829769,126.6482443,032-583-1293,16,29299,"25992, 27213, 29261, 29299",그 외 기타 특수목적용 기계 제조업 외 3 종,"유화기, 혼합기"
483,,성원기업,동구,인천광역시 동구 방축로157번길 40 (송림동),37.4825377,126.6640426,032-583-4119,6,25111,25111,"금속 문, 창, 셔터 및 관련제품 제조업",승강기 부품
484,,제이엘테크놀로지,동구,"인천광역시 동구 방축로37번길 45 (송현동, 주식회사이건시스템)",37.488355,126.6517874,032-583-4855,3,25112,25112,구조용 금속 판제품 및 공작물 제조업,금속제작물
485,,영창기계,동구,인천광역시 동구 만석부두로7번길 15-7 (만석동),37.4889311,126.6217026,032-584-1522,6,29222,"29222, 29224",디지털 적층 성형기계 제조업 외 1 종,강판압연기 및 압연기부품
486,,태양목재가공산업,동구,인천광역시 동구 방축로9번길 39-16 (송현동),37.4903021,126.6482705,032-584-1970,4,16101,"16101, 16102, 16103",일반 제재업 외 2 종,"조경시설물자제,톱밥,화목"
487,,쌍용자동차인천정비사업소(주),동구,"인천광역시 동구 방축로 17 (송현동, 쌍용자동차인천정비사업소(주))",37.48776,126.648457,032-584-5501,42,30399,"30391, 30392, 30399, 30400",그 외 자동차용 신품 부품 제조업 외 3 종,자동차부품
488,,태성엔지니어링,동구,"인천광역시 동구 방축로 145, C 104호 (송림동)",37.4822502,126.661836,032-584-5676,5,25924,25924,절삭가공 및 유사처리업,기계부품
489,,현영엔지니어링,동구,"인천광역시 동구 방축로 143, B동 105호 (송림동)",37.4823583,126.6616137,032-584-5757,1,29120,29120,유압기기 제조업,"유공압 유니트, 산업기계"
490,,대명산기,동구,인천광역시 동구 봉수대로96번길 63 (송림동),37.4830938,126.6633473,032-584-6363,4,25122,"25122, 25123",금속탱크 및 저장용기 제조업 외 1 종,저장탱크
491,,(주)제일참,동구,인천광역시 동구 방축로9번길 57-8 (송현동),37.4906235,126.6493454,032-584-7002,8,29291,"29192, 29229, 29291",펄프 및 종이 가공용 기계 제조업 외 2 종,포장기계
492,,나우테크,동구,"인천광역시 동구 방축로 149, E동 108호(송림동, 동유철재상가)",37.4821416,126.6620587,032-584-7852,1,29174,29174,기체 여과기 제조업,집진기
493,,디에스이엘씨 주식회사,동구,인천광역시 동구 방축로 167 (송림동),37.4806292,126.6638343,032-584-8860,51,28303,28303,절연 코드세트 및 기타 도체 제조업,"배선기구(콘센트, 스위치, 센서 등)"
494,,디에스 정공 주식회사,동구,인천광역시 동구 방축로 167 (송림동),37.4806292,126.6638343,032-584-8896,13,25914,25914,그 외 금속 압형제품 제조업,전기차단기 및 부품
495,,(주)밀테크,동구,인천광역시 동구 만석부두로7번길 15-28 (만석동),37.4889301,126.6205628,032-584-9644,15,29120,29120,유압기기 제조업,유공압실린더
496,,(주)인천측기,동구,인천광역시 동구 보세로26번길 9 (만석동),37.4878892,126.6200871,032-588-0102,29,27219,27219,"기타 측정, 시험, 항해, 제어 및 정밀기기 제조업","측량, 측정, 정밀기기품"
497,,동화과학,동구,인천광역시 동구 염전로 3 (송현동) i동 108호,37.4870239,126.646597,032-588-0811,3,33301,33301,"체조, 육상 및 체력단련용 장비 제조업",체육기구 및 경기용품
498,,세진기업,동구,"인천광역시 동구 방축로62번길 16, B동 101호 (송림동, 중앙동력상가)",37.4845673,126.6515434,032-588-2260,4,25941,"25941, 25942, 25999",볼트 및 너트류 제조업 외 2 종,"볼트,너트"
499,,한신펌프,동구,"인천광역시 동구 방축로 105, 47동 109호 (송림동, 인천산업용품유통단지)",37.4846886,126.6576698,032-589-6210,5,29131,"29120, 29131, 29132",액체 펌프 제조업 외 2 종,펌프
500,,(주)엘티엘,동구,"인천광역시 동구 방축로37번길 61-3, 외 1필지 (송현동)",37.4886516,126.6520426,032-663-5128,10,28422,"28113, 28422, 28423, 28429",일반용 전기 조명장치 제조업 외 3 종,LED 조명가규
501,,이엔이엘이디(주),동구,"인천광역시 동구 방축로37번길 61-3, 3층4층 일부(송현동)",37.4886516,126.6520426,032-675-8707,4,28113,"28113, 28422, 28423, 28429",방전램프용 안정기 제조업 외 3 종,"가정용,광고용 LED 조명, LED 조명 안정기 "
502,,(주)지엘티파워,동구,인천광역시 동구 샛골로 230-25 (송현동),37.4833599,126.6450192,032-676-6940,10,28422,28422,일반용 전기 조명장치 제조업,LED조명
503,,(주)케이씨환경디자인,동구,인천광역시 동구 샛골로 230-33 (송림동),37.4836074,126.6452924,032-677-1994,23,28422,"25113, 25114, 28123, 28422, 28423, 28429",일반용 전기 조명장치 제조업 외 5 종,"가로등, 경관조명기구, LED조명기구, 배전함, 가로등주"
504,,사조동아원(주)인천공장,동구,"인천광역시 동구 제물량로 386 (만석동, 동아원(주)인천공장)",37.4831165,126.625079,032-720-6311,24,10611,"10611, 10612, 10613",곡물 도정업 외 2 종,소백분(밀가루)
505,,주식회사 채다원,동구,인천광역시 동구 만석부두로7번길 3 (만석동),37.4885914,126.6219896,032-752-7227,18,10309,10309,기타 과실ㆍ채소 가공 및 저장 처리업,"기내식, 밀키트"
506,,현대제철(주),동구,"인천광역시 동구 중봉대로 63 (송현동, 현대제철) (총 20 필지)",37.4863442,126.6439488,032-760-2114,1840,24111,"24111, 24112, 24121, 24122, 24132, 24133",제철업 외 5 종,"H형강,철근,스테인레스,주강품"
507,,카테코(주),동구,"인천광역시 동구 방축로 16, F동 108호 (송현동)",37.4870864,126.648044,032-761-0028,1,29162,"29120, 29162, 29163, 29169, 29176, 29199",승강기 제조업 외 5 종,"산업기계, 자동차정비용 리프트"
508,,오성에어테크,동구,"인천광역시 동구 방축로 10, d동 101호 (송현동)",37.4873562,126.6476413,032-761-0577,5,29173,29173,산업용 송풍기 및 배기장치 제조업,송풍기
509,,(주)참존가구,동구,인천광역시 동구 보세로26번길 23 (만석동),37.4893427,126.6192431,032-761-0850,22,32029,32029,기타 목재가구 제조업,가구
510,,에스에이취조선(주),동구,"인천광역시 동구 만석부두로 16-7 (만석동, 에스에이취조선) 외 2필지",37.4892602,126.6232286,032-761-1247,9,31111,"31111, 31113",강선 건조업 외 1 종,선박건조및수리
511,,(주)쏠트리,동구,"인천광역시 동구 염전로40번길 40-11 (송림동, (주)솔트리)",37.4830935,126.6469091,032-761-2323,3,22241,"22241, 22249",운송장비 조립용 플라스틱제품 제조업 외 1 종,"복합소재,중기부품"
512,,주식회사 아시아플러스인터내셔널,동구,인천광역시 동구 보세로26번길 24-41 (만석동),37.4902318,126.6194594,032-761-3310,8,13229,13229,기타 직물제품 제조업,마스크
513,,(주)호성하이테크,동구,인천광역시 동구 보세로26번길 19 (만석동),37.4882356,126.6199289,032-761-3550,7,28123,28123,배전반 및 전기 자동제어반 제조업,"수,배전반"
514,,(주)디에이치조선,동구,인천광역시 동구 화수부두로 52 (화수동),37.4892737,126.6290373,032-761-3671,7,31111,"29111, 31111, 31113",강선 건조업 외 2 종,"내연기관제조,강선건조및수리,목건조및수리"
515,,한림,동구,인천광역시 동구 샛골로 230-5 (송현동),37.4826422,126.6442714,032-761-3871,3,18111,"18111, 18113, 58111, 58113, 58123",경 인쇄업 외 4 종,옵셋인쇄
516,,제일산업,동구,"인천광역시 동구 중봉대로 90, h-104호 (송현동)",37.4871694,126.6464118,032-761-4875,1,25119,25119,기타 구조용 금속제품 제조업,파이프가공
517,,태항조선(주),동구,"인천광역시 동구 보세로 62 (만석동, 태항조선(주))",37.4862567,126.616816,032-761-7701,9,31111,"31111, 31113, 31114",강선 건조업 외 2 종,선박
518,,대신종합기계,동구,"인천광역시 동구 염전로 5, 109호(송현동)",37.4868888,126.6467958,032-761-7773,2,29224,29224,금속 성형기계 제조업,밴딩기 등 금속기계
519,,진성정밀(주),동구,"인천광역시 동구 염전로40번길 40-17 (송림동, 경화정공)",37.4832669,126.6466348,032-761-9159,8,29269,"29269, 30310, 30400","기타 섬유, 의복 및 가죽 가공 기계 제조업 외 2 종","자동차부품,재봉기 부품"
520,,피엔에쓰다이아툴스(주),동구,인천광역시 동구 보세로42번길 21-11 (만석동),37.4875975,126.617993,032-762-2114,5,23992,23992,연마재 제조업,연마패드
521,,원일제강(주),동구,"인천광역시 동구 석수로 108 (만석동, 원일제강)",37.4836144,126.6251757,032-762-2214,14,24121,24121,열간 압연 및 압출 제품 제조업,"평철,환봉,각철"
522,,광명인쇄사,동구,인천광역시 동구 금곡로81번길 32 (송림동),37.4746841,126.6450367,032-762-4145,4,18111,"18111, 18113, 18119",경 인쇄업 외 2 종,인쇄
523,,안전기계공업사,동구,"인천광역시 동구 만석부두로13번길 12 (만석동, 제1동)",37.4896152,126.622588,032-762-4214,4,29111,"25995, 25999, 29111, 31114",내연기관 제조업 외 3 종,"엔지냉각기커버, 기어, 프로펠러축"
524,,IG전자,동구,"인천광역시 동구 수문통로 33 (송현동, 삼두아파트)",37.4793449,126.6331445,032-762-6652,1,26521,26521,"라디오, 녹음 및 재생 기기 제조업","주방용 라디오, 전기그릴"
525,,(주)유스코,동구,"인천광역시 동구 송미로23번길 24 (송림동, 유스코베이커리)",37.4827892,126.648143,032-762-7265,6,10712,10712,빵류 제조업,빵
526,,인천산업기계,동구,"인천광역시 동구 염전로40번길 40-21 (송림동, 인천산업기계)",37.4833548,126.6464976,032-762-8995,5,28111,28111,전동기 및 발전기 제조업,발전기
527,,삼광조선공업(주),동구,"인천광역시 동구 보세로42번길 41 (만석동, 삼광조선(주))",37.4889248,126.6170306,032-763-1521,32,31111,"31111, 31113, 31114, 31120",강선 건조업 외 3 종,강선
528,,(주)유로트럭서비스,동구,"인천광역시 동구 중봉대로68번길 48 (송림동, (주)유로트럭서비스)",37.4838819,126.6459458,032-763-1600,24,29241,29241,건설 및 채광용 기계장비 제조업,중기
529,,대주산업(주),동구,"인천광역시 동구 염전로 83 (송림동, 대주산업)",37.4829837,126.6532536,032-763-1611,45,10801,"10801, 10802",배합 사료 제조업 외 1 종,배합사료
530,,(주)성가에프앤씨,동구,인천광역시 동구 중봉대로 87-5 (송현동),37.4875354,126.6451252,032-763-3565,8,25941,"25941, 25942, 25999",볼트 및 너트류 제조업 외 2 종,나사
531,,에스윈텍,동구,인천광역시 동구 샛골로 222-24 (송림동),37.4826111,126.6460412,032-763-3580,9,28122,28122,전기회로 접속장치 제조업,커넥터(전자부품)
532,,경기실업(주),동구,"인천광역시 동구 중봉대로68번길 14 (송현동, 경기실업(주)) 외 3필지",37.4845465,126.645042,032-763-8221,26,23993,23993,비금속광물 분쇄물 생산업,활석분
533,,천일테크윈(주),동구,인천광역시 동구 화도진로 127 (화수동),37.4829237,126.6293949,032-764-0671,39,30399,"30391, 30392, 30399, 30400",그 외 자동차용 신품 부품 제조업 외 3 종,중장비부품
534,,이레디자인(주),동구,"인천광역시 동구 화도로 18, 1층 (화평동)",37.4804208,126.6302739,032-764-1028,2,18119,"18113, 18119, 28423",기타 인쇄업 외 2 종,인쇄물
535,,디아이동일(주),동구,인천광역시 동구 만석동 37번지,37.4849975,126.6228495,032-764-1531,6,13101,"13101, 13109",면 방적업 외 1 종,"면사, 면직물"
536,,서울천막기업,동구,인천광역시 동구 보세로26번길 24-19 (만석동),37.4892028,126.6199592,032-764-2300,4,13224,13224,"천막, 텐트 및 유사 제품 제조업","천막, 파이프"
537,,(주)나성이엔지,동구,인천광역시 동구 방축로9번길 57-8 (송현동) 가동,37.4906235,126.6493454,032-764-7587,5,29174,"25111, 29163, 29174, 29175, 29210",기체 여과기 제조업 외 4 종,제진기
538,,파코,동구,"인천광역시 동구 중봉대로 87-5, 1002호 (송현동)",37.4875354,126.6451252,032-765-0286,2,20424,20424,표면광택제 및 실내가향제 제조업,광택크리너
539,,(주)동해우드,동구,인천광역시 동구 보세로 58 (만석동),37.4865748,126.6174679,032-765-1184,11,16101,16101,일반 제재업,각재
540,,유진기업(주) 인천,동구,"인천광역시 동구 방축로62번길 37 (송림동, 유진기업(주)인천)",37.4833406,126.6520789,032-765-4111,24,23322,23322,레미콘 제조업,레미콘
541,,씨앤에이치,동구,인천광역시 동구 염전로40번길 40-23 (송림동),37.4834883,126.6463777,032-765-4333,2,28520,28520,가정용 비전기식 조리 및 난방 기구 제조업,"세척기용부스터, 난로"
542,,대길시스템ENG,동구,"인천광역시 동구 방축로62번길 16, B106 (송림동, 중앙동력상가)",37.4845673,126.6515434,032-765-6263,2,28123,28123,배전반 및 전기 자동제어반 제조업,자동제어판넬
543,,우종산업(주),동구,"인천광역시 동구 만석부두로13번길 33 (만석동, 우종산업)",37.4903434,126.6216731,032-765-6467,4,29120,29120,유압기기 제조업,유압실린더
544,,(주)서울우레탄,동구,"인천광역시 동구 송미로35번길 1 (송림동, (주)서울우레탄)",37.4827337,126.6491984,032-765-7259,11,22241,"22241, 22249",운송장비 조립용 플라스틱제품 제조업 외 1 종,"주차로라, 엔지니어링 플라스틱"
545,,현대호이스트크레인,동구,인천광역시 동구 보세로26번길 21 (만석동),37.4883648,126.6198694,032-766-0482,7,29169,29169,기타 물품 취급장비 제조업,"호이스트, 크레인"
546,,세원주조금형제작소,동구,"인천광역시 동구 염전로 25, V동 101호 (송림동)",37.4859248,126.6486574,032-766-1433,1,29294,29294,주형 및 금형 제조업,터보 임펠라
547,,디케이텍,동구,인천광역시 동구 염전로 16 (송현동),37.4854634,126.6465457,032-766-2401,9,33920,"10797, 10799, 10801, 10802, 33920",사무 및 회화용품 제조업 외 4 종,"수정테이프, 접착풀 테이프, 배합사료, 숙취해소제(환)"
548,,(주)건승라이프,동구,"인천광역시 동구 방축로23번길 66, A-104호 (송현동)",37.4893849,126.6518188,032-766-3205,4,29172,29172,공기 조화장치 제조업,"항온항습기,냉각기,냉동기"
549,,진영철강,동구,인천광역시 동구 방축로157번길 32 (송림동),37.4820677,126.6636717,032-766-3434,6,29199,"29176, 29199",그 외 기타 일반목적용 기계 제조업 외 1 종,레이져가공제품
550,,대광,동구,인천광역시 동구 보세로42번길 21-7 (만석동),37.4876368,126.6182002,032-766-9759,2,26421,26421,방송장비 제조업,전자통신부품 및 장비 외
551,,정석시스템,동구,인천광역시 동구 보세로26번길 24-18 (만석동) 외 1필지,37.4892935,126.6206434,032-772-0780,8,28123,28123,배전반 및 전기 자동제어반 제조업,"배전용 전기회로 개폐,산업기계"
552,,삼성기계공업(주),동구,인천광역시 동구 샛골로 222-7 (송림동),37.4823089,126.6450723,032-772-1466,3,29173,29173,산업용 송풍기 및 배기장치 제조업,"제기기계부품, 송풍기, 스크류"
553,,삼화제분(주),동구,"인천광역시 동구 석수로 60 (만석동, 삼화제분주식회사)",37.48215,126.6263673,032-772-1595,36,10611,"10611, 10612",곡물 도정업 외 1 종,밀가루
554,,근영일렉콤,동구,인천광역시 동구 만석부두로 25 (만석동),37.4899748,126.6228028,032-772-2834,6,28123,28123,배전반 및 전기 자동제어반 제조업,"수배전반, 자동제어반"
555,,대진스틸,동구,"인천광역시 동구 염전로 15, n동 109호(송현동) 외 1필지",37.4863481,126.64762,032-772-3637,4,25944,25944,금속선 가공제품 제조업,와이어로프
556,,조일알미늄,동구,인천광역시 동구 방축로62번길 26 (송림동),37.4842582,126.6515058,032-772-3711,12,25992,25992,수동식 식품 가공기기 및 금속 주방용기 제조업,알루미늄제품
557,,(주)한도,동구,인천광역시 동구 송미로35번길 9 (송림동),37.4829204,126.6487085,032-772-3781,1,29133,29133,"탭, 밸브 및 유사장치 제조업",수도꼭지
558,,펌프텍코리아(주),동구,"인천광역시 동구 염전로 12 (송현동, (주)펌프텍코리아)",37.4857888,126.6464764,032-772-4004,4,29131,"29131, 29132",액체 펌프 제조업 외 1 종,"펌프, 모터"
559,,(주)국제화학,동구,"인천광역시 동구 염전로40번길 40-7 (송림동, (주)국제화학)",37.482928,126.647032,032-772-7300,24,22191,"22191, 22192",고무패킹류 제조업 외 1 종,산업용고무제품
560,,(주)행복을나누는도시락,동구,인천광역시 동구 화수로 74-1 (화수동) 외 1필지,37.484868,126.6310232,032-773-0186,9,10751,"10751, 10759",도시락류 제조업 외 1 종,"도시락, 식품재료"
561,,삼정,동구,"인천광역시 동구 금곡로42번길 4, 2층 (금곡동)",37.4731795,126.6402086,032-773-3402,4,18111,"18111, 18113, 58111, 58113",경 인쇄업 외 3 종,경인쇄업
562,,(주)그린코어이엔씨,동구,인천광역시 동구 봉수대로 85 (송림동),37.483778,126.6591229,032-773-3424,6,29175,29175,액체 여과기 제조업,여과기
563,,주식회사 시현정보,동구,"인천광역시 동구 봉수대로96번길 59, 2층(송림동)",37.4832488,126.6630537,032-773-3494,4,26421,"26421, 28123",방송장비 제조업 외 1 종,"스피커,계장제어장치"
564,,해운기계,동구,"인천광역시 동구 염전로 7, (기계철재단지 K-106) 106호 (송현동)",37.486511,126.6480318,032-773-4057,2,31114,31114,선박 구성 부분품 제조업,선박부품
565,,모던테크,동구,인천광역시 동구 제물량로385번길 18 (만석동),37.4838981,126.6244026,032-773-4201,5,29192,29192,"용기 세척, 포장 및 충전기 제조업","포장기, 자동화기기"
566,,(주)에너빅,동구,인천광역시 동구 샛골로 230-1 (송현동),37.4824878,126.6442561,032-773-7377,7,29175,29175,액체 여과기 제조업,연료정화장치
567,,하이테크,동구,"인천광역시 동구 염전로 25, V동 103호 (송림동)",37.4859248,126.6486574,032-773-7525,2,25924,"25924, 30391, 30392, 30399, 30400",절삭가공 및 유사처리업 외 4 종,절삭가공
568,,진우전력,동구,"인천광역시 동구 보세로42번길 7-16, 2층(만석동)",37.4873243,126.6180021,032-773-7648,3,28422,28422,일반용 전기 조명장치 제조업,"led 경관조명기구, led투광등기구"
569,,해강이엔지 주식회사,동구,"인천광역시 동구 염전로 23, T동 107호(송림동, 기계철재단지)",37.4861164,126.6484811,032-773-7849,1,25119,25119,기타 구조용 금속제품 제조업,금속구조물
570,,동광창호,동구,인천광역시 동구 만석부두로7번길 7 (만석동),37.4887845,126.6219296,032-777-0451,2,22223,22223,플라스틱 창호 제조업,플라스틱 창호
571,,(주)현대전설,동구,"인천광역시 동구 방축로62번길 16, 제116,117호 (송림동, 중앙동력상가)",37.4845673,126.6515434,032-777-0471,10,28123,28123,배전반 및 전기 자동제어반 제조업,"전기판넬, 분전반"
572,,대한조선(주),동구,인천광역시 동구 보세로26번길 24-52 (만석동),37.4905921,126.6203292,032-777-1146,12,31111,"31111, 31113",강선 건조업 외 1 종,"강선, 기타선박"
573,,해양조선,동구,인천광역시 동구 보세로26번길 24-50 (만석동),37.490674,126.6206965,032-777-1148,2,31111,"31111, 31113",강선 건조업 외 1 종,"강선건조, 기타선박건조"
574,,해동실업,동구,인천광역시 동구 보세로42번길 21-10 (만석동),37.4878888,126.6179922,032-777-1628,3,26299,"26295, 26299",그 외 기타 전자부품 제조업 외 1 종,"헤드셋,마이크쿠션"
575,,대일정공(주),동구,인천광역시 동구 보세로42번길 21-15 (만석동) (총 2 필지) 외 1필지,37.4875149,126.6174834,032-777-1710,3,25119,"25119, 29261, 29299",기타 구조용 금속제품 제조업 외 2 종,구조금속제품
576,,(주)오에스팀버,동구,"인천광역시 동구 염전로 19, R동 106호(송림동)",37.4862481,126.648292,032-777-3530,2,32029,"32029, 33302",기타 목재가구 제조업 외 1 종,"벤치, 의자 등 "
577,,(주)주남산업,동구,인천광역시 동구 보세로42번길 14 (만석동),37.4876251,126.6190016,032-777-4776,7,29294,29294,주형 및 금형 제조업,PCB금형
578,,효창산업(주),동구,"인천광역시 동구 인중로 389, D,E,G동 (만석동, 효창산업주식회사)",37.4840431,126.6181786,032-777-6605,9,29271,"29271, 30110",반도체 제조용 기계 제조업 외 1 종,자동차엔진부품
579,,모디스코리아(주),동구,"인천광역시 동구 인중로 389, A동 (만석동, 효창산업주식회사)",37.4844551,126.618618,032-777-6612,5,26421,26421,방송장비 제조업,통신장비
580,,한국기초소재(주),동구,"인천광역시 동구 만석부두로 16-3 (만석동, (주)한국기초소재)",37.4904545,126.623173,032-777-7871,35,23311,"23311, 38311, 38312",시멘트 제조업 외 2 종,레미콘 혼합제
581,,(주)도담엠에스,동구,인천광역시 동구 샛골로 230-17 (송현동),37.4830758,126.6447302,032-777-8031,3,27199,27199,그 외 기타 의료용 기기 제조업,개인용 온열자극기
582,,신정산업,동구,"인천광역시 동구 방축로177번길 30 (송림동, (주)유진종합)",37.4811055,126.6654736,032-811-1757,6,29229,"25924, 29229",기타 가공 공작기계 제조업 외 1 종,산업기계 및 콘베어
583,,대현패키징,동구,인천광역시 동구 중봉대로 48 (송현동),37.4844788,126.6440952,032-811-5511,46,17222,"17222, 17223",판지 상자 및 용기 제조업 외 1 종,"판지상자, 식품위생용 종이상자, 용기제조"
584,,주식회사 인탑피유,동구,"인천광역시 동구 염전로 19, 가(R)동 107호 (송림동)",37.4862481,126.648292,032-811-7096,1,20202,20202,합성수지 및 기타 플라스틱 물질 제조업,폴리우레탄 수지
585,,광신기계(주),동구,인천광역시 동구 만석부두로13번길 34 (만석동),37.4905488,126.6221347,032-811-7631,6,29162,"29150, 29162, 29163, 29169, 29171, 29175, 29210",승강기 제조업 외 6 종,"승강기, 컨베이어, 소각로"
586,,(주)효성알앤티,동구,인천광역시 동구 샛골로 230-36 (송림동),37.4834199,126.6457647,032-812-7964,5,29142,"25111, 27213, 29133, 29142, 29163, 29169, 29173, 29174, 29175, 29210",기어 및 동력전달장치 제조업 외 9 종,"감속기, 크레인"
587,,제일히트씽크(주),동구,인천광역시 동구 만석부두로13번길 40 (만석동),37.4907639,126.6220302,032-816-1553,10,25913,"25913, 25914",자동차용 금속 압형제품 제조업 외 1 종,통신 및 반도체 부품
588,,(주)프로팩코리아,동구,인천광역시 동구 보세로26번길 24-17 (만석동),37.4890984,126.6200087,032-817-2448,15,29192,"29192, 29210","용기 세척, 포장 및 충전기 제조업 외 1 종",식품포장기계
589,,(주)에스알우드,동구,인천광역시 동구 만석부두로7번길 15-2 (만석동),37.4894793,126.6216087,032-817-4721,9,16101,16101,일반 제재업,"목재(각재, 판재)"
590,,세영엔지니어링,동구,"인천광역시 동구 보세로 30 (만석동, 세영엔지니어링)",37.4876399,126.6201015,032-817-6947,24,30310,"30310, 30400",자동차 엔진용 신품 부품 제조업 외 1 종,자동차부품
591,,(주)태명산기,동구,"인천광역시 동구 만석부두로13번길 44 (만석동, (주)태명산기)",37.4909544,126.6218953,032-817-8478,10,29210,29210,농업 및 임업용 기계 제조업,사료공장용기계
592,,(주)카이저제빙기,동구,"인천광역시 동구 염전로40번길 32, 카이저제빙기 (송림동)",37.4831161,126.647363,032-818-6023,24,29171,29171,산업용 냉장 및 냉동 장비 제조업,제빙기
593,,동국제강(주),동구,"인천광역시 동구 중봉대로 15 (송현동, 동국제강(주)) 외 12필지",37.4845751,126.6373443,032-830-6213,576,24121,"24112, 24121",열간 압연 및 압출 제품 제조업 외 1 종,"철근,앵글"
594,,(주)파이어스,동구,"인천광역시 동구 중봉대로 97 (송현동, 송현동 1-868 공장 ((주)파이어스))",37.4886092,126.6463434,032-832-7119,12,30122,"24133, 29133, 29193, 30122, 30201",화물자동차 및 특수목적용 자동차 제조업 외 4 종,특수목적용 자동차(소방차)
595,,대명정공,동구,인천광역시 동구 방축로9번길 39-4 (송현동),37.4897148,126.6492976,032-863-0723,10,29294,29294,주형 및 금형 제조업,"플라스틱 사출품, 금형"
596,,삼부레이저피엠씨(주),동구,인천광역시 동구 보세로 43 (만석동),37.4860507,126.6190926,032-864-0591,6,25929,25929,그 외 기타 금속가공업,강판가공품
597,,에이스펌프,동구,인천광역시 동구 보세로42번길 29-12 (만석동),37.4882904,126.6177434,032-865-4084,4,29131,29131,액체 펌프 제조업,산업용 펌프
598,,천수산업,동구,"인천광역시 동구 염전로 15, N동 102호 (송현동)",37.4863481,126.64762,032-865-9751,5,20499,"20495, 20499",그 외 기타 분류 안된 화학제품 제조업 외 1 종,방청제
599,,(주)재인정공,동구,인천광역시 동구 만석부두로7번길 15-11(만석동),37.4887979,126.6215141,032-867-2588,3,29199,29199,그 외 기타 일반목적용 기계 제조업,"이송기,배합기"
600,,한진기계,동구,인천광역시 동구 만석부두로 27 (만석동) (총 2 필지) 외 1필지,37.4900738,126.622561,032-868-0099,11,29223,29223,금속 절삭기계 제조업,금속절삭 가공기계
601,,도원씨앤에스,동구,"인천광역시 동구 염전로40번길 40-1, 2층 (송림동)",37.4830103,126.6474032,032-868-4865,7,13223,"13223, 25932, 27302",커튼 및 유사제품 제조업 외 2 종,"커튼, 브라인드, 스크린, 커튼봉"
602,,금강파워테크닉,동구,"인천광역시 동구 방축로157번길 17, I(가)동 102호 (송림동)",37.4821658,126.6628571,032-872-8530,2,28909,28909,그 외 기타 전기장비 제조업,"산업전기제어장비, 케이블릴, 마그네트"
603,,혜성방음문,동구,인천광역시 동구 방축로23번길 41-5 (송현동),37.4887796,126.6500498,032-874-8188,5,25111,25111,"금속 문, 창, 셔터 및 관련제품 제조업","방음문, 방음시창"
604,,주식회사 로픽,동구,인천광역시 동구 염전로40번길 40-38(송림동),37.483827,126.6467835,032-875-3270,15,29280,29280,산업용 로봇 제조업,산업용 로보트
605,,(주)스웨코,동구,인천광역시 동구 제물량로385번길 12 (만석동),37.48372,126.6245376,032-876-2953,7,22232,22232,포장용 플라스틱 성형용기 제조업,화장품 용기
606,,주식회사 부송,동구,인천광역시 동구 샛골로 143 (송림동),37.4752635,126.6443282,032-881-7007,5,26421,"26421, 26529, 28423",방송장비 제조업 외 2 종,"cctv, 스피커, LED전광판"
607,,주식회사 아이지파워,동구,인천광역시 동구 방축로23번길 61 (송현동),37.4896925,126.651066,032-882-0355,10,28111,28111,전동기 및 발전기 제조업,전동기 및 발전기
608,,광성이엔지,동구,인천광역시 동구 보세로42번길 7-20 (만석동),37.4873,126.6178701,032-882-9325,3,31114,31114,선박 구성 부분품 제조업,"선박엔진, 부품제작수리"
609,,인현산업 주식회사,동구,인천광역시 동구 보세로26번길 24-68(만석동),37.4906648,126.6198342,032-883-9053,6,25112,25112,구조용 금속 판제품 및 공작물 제조업,해상구조물
610,,덕신기계,동구,인천광역시 동구 만석부두로13번길 48 (만석동),37.4912092,126.6215701,032-884-4139,4,31114,31114,선박 구성 부분품 제조업,선박부품
611,,한진기계,동구,인천광역시 동구 보세로42번길 7-17 (만석동),37.486997,126.6179031,032-885-5148,3,31114,"29111, 31114",선박 구성 부분품 제조업 외 1 종,"산업기계부품, 굼속구조재, 내연기관, 선박구성부분품"
612,,대기해양(주),동구,"인천광역시 동구 만석부두로7번길 15-13, 대기해양(주) (만석동)",37.4885188,126.6216539,032-886-7777,1,31114,31114,선박 구성 부분품 제조업,"부표, 등부표"
613,,한진 정밀,동구,"인천광역시 동구 염전로 7, K동 108호 (송현동)",37.4867536,126.6469927,032-887-4095,1,31114,31114,선박 구성 부분품 제조업,"선박기계 부품제작, 수리 등"
614,,고려타일컷팅,동구,인천광역시 동구 염전로40번길 29 (송림동),37.4832355,126.6483419,032-888-0773,2,23232,23232,타일 및 유사 비내화 요업제품 제조업,타일 및 비내화구조용 요업제품
615,,(주)한성푸드시스템,동구,인천광역시 동구 보세로42번길 29-11 (만석동),37.488036,126.6177322,032-889-4458,8,10213,10213,수산동물 냉동품 제조업,수산물가공품 및 소스류(복어)
616,,비와이컴퍼니,동구,"인천광역시 동구 방축로 149, E동 106호(송림동, 동유철재상가)",37.4821416,126.6620587,070-4007-1365,3,28422,28422,일반용 전기 조명장치 제조업,LED 조명
617,,엠코,동구,"인천광역시 동구 방축로23번길 62, C동 108호 (송현동)",37.4892423,126.6517069,070-4197-4411,1,29299,"29169, 29210, 29261, 29299",그 외 기타 특수목적용 기계 제조업 외 3 종,"자동차정비기계, 농업용기계"
618,,(주)새벽,동구,인천광역시 동구 인중로 377 (만석동),37.4830605,126.6176989,070-4260-6048,4,20423,"20422, 20423",화장품 제조업 외 1 종,"천연세제,수제비누,화장품"
619,,(주)티마운트,동구,"인천광역시 동구 인중로 389, I동,E동 (만석동, 효창산업주식회사)",37.4840431,126.6181786,070-4353-1858,11,33309,33309,기타 운동 및 경기용구 제조업,탁구용품
620,,(주)지에스파워,동구,"인천광역시 동구 방축로37번길 61-3, C동 1층일부, 2층일부(송현동)",37.4886516,126.6520426,070-4616-0337,5,28123,28123,배전반 및 전기 자동제어반 제조업,수배전반
621,,(주)가람,동구,인천광역시 동구 만석부두로13번길 28(만석동),37.4903337,126.6222391,070-4694-7370,6,22249,22249,기타 기계.장비 조립용 플라스틱 제품 제조업,플라스틱 사출(필터샤워기 등)
622,,상도산업,동구,"인천광역시 동구 염전로 9, L동 108호 (송현동)",37.4866163,126.6471914,070-7576-2723,1,25994,25994,금속 표시판 제조업,"철구조물, 안전표지판"
623,,향우선박,동구,"인천광역시 동구 방축로62번길 10, 중앙동력상가 A동 116호 (송림동)",37.484784,126.6517234,070-8173-5197,3,31114,"29111, 31114",선박 구성 부분품 제조업 외 1 종,"선박부품, 내연기관부품"
624,,아트코리아,동구,"인천광역시 동구 송림로 12, 8층 (금곡동, 솔빛메디칼센터)",37.4729815,126.636689,070-8625-9003,1,20424,20424,표면광택제 및 실내가향제 제조업,방향제
625,,에메스상사,동구,인천광역시 동구 보세로42번길 21-14 (만석동),37.4878502,126.6178009,070-8970-4962,2,30121,30121,승용차 및 기타 여객용 자동차 제조업,"전기자동차, 골프장카트 등"
626,,(주)한서인더스트리,동구,인천광역시 동구 봉수대로 97 (송림동),37.4847129,126.6597729,18001435,14,29120,"22191, 22192, 22211, 25995, 25999, 28111, 28902, 29119, 29120, 29133, 29175, 31202",유압기기 제조업 외 11 종,유공압기계류
